Date,Venue,City,State,Country
29-Jun-26,Rogers Centre,Toronto,ON,Canada
30-Jun-26,Rogers Centre,Toronto,ON,Canada
1-Jul-26,Rogers Centre,Toronto,ON,Canada
6-Jul-26,Firstenergy Stadium,Cleveland,OH,United States
7-Jul-26,Firstenergy Stadium,Cleveland,OH,United States
12-Jul-26,Ford Field,Detroit,MI,United States
13-Jul-26,Ford Field,Detroit,MI,United States
14-Jul-26,Ford Field,Detroit,MI,United States
15-Jul-26,Ford Field,Detroit,MI,United States
20-Jul-26,Ohio Stadium,Columbus,OH,United States
21-Jul-26,Ohio Stadium,Columbus,OH,United States
26-Jul-26,Paycor Stadium,Cincinnati,OH,United States
27-Jul-26,Paycor Stadium,Cincinnati,OH,United States
28-Jul-26,Paycor Stadium,Cincinnati,OH,United States
2-Aug-26,Cardinal Stadium,Louisville,KY,United States
3-Aug-26,Cardinal Stadium,Louisville,KY,United States
8-Aug-26,Lucas Oil Stadium,Indianapolis,IN,United States
9-Aug-26,Lucas Oil Stadium,Indianapolis,IN,United States
14-Aug-26,Soldier Field,Chicago,IL,United States
15-Aug-26,Soldier Field,Chicago,IL,United States
16-Aug-26,Soldier Field,Chicago,IL,United States
17-Aug-26,Soldier Field,Chicago,IL,United States
22-Aug-26,U.S. Bank Stadium,Minneapolis,MN,United States
23-Aug-26,U.S. Bank Stadium,Minneapolis,MN,United States
24-Aug-26,U.S. Bank Stadium,Minneapolis,MN,United States
29-Aug-26,Geha Field At Arrowhead Stadium,Kansas City,MO,United States
30-Aug-26,Geha Field At Arrowhead Stadium,Kansas City,MO,United States
4-Sep-26,At&T Stadium,Arlington,TX,United States
5-Sep-26,At&T Stadium,Arlington,TX,United States
6-Sep-26,At&T Stadium,Arlington,TX,United States
7-Sep-26,At&T Stadium,Arlington,TX,United States
13-Sep-26,Nrg Stadium,Houston,TX,United States
14-Sep-26,Nrg Stadium,Houston,TX,United States
19-Sep-26,Caesars Superdome,New Orleans,LA,United States
20-Sep-26,Caesars Superdome,New Orleans,LA,United States
21-Sep-26,Caesars Superdome,New Orleans,LA,United States
26-Sep-26,Mercedes-Benz Stadium,Atlanta,GA,United States
27-Sep-26,Mercedes-Benz Stadium,Atlanta,GA,United States
2-Oct-26,Nissan Stadium,Nashville,TN,United States
3-Oct-26,Nissan Stadium,Nashville,TN,United States
8-Oct-26,Acrisure Stadium,Pittsburgh,PA,United States
9-Oct-26,Acrisure Stadium,Pittsburgh,PA,United States
10-Oct-26,Acrisure Stadium,Pittsburgh,PA,United States
11-Oct-26,Acrisure Stadium,Pittsburgh,PA,United States
17-Oct-26,Lincoln Financial Field,Philadelphia,PA,United States
18-Oct-26,Lincoln Financial Field,Philadelphia,PA,United States
19-Oct-26,Lincoln Financial Field,Philadelphia,PA,United States
24-Oct-26,Metlife Stadium,East Rutherford,NJ,United States
25-Oct-26,Metlife Stadium,East Rutherford,NJ,United States
26-Oct-26,Metlife Stadium,East Rutherford,NJ,United States
27-Oct-26,Metlife Stadium,East Rutherford,NJ,United States
1-Nov-26,Gillette Stadium,Foxborough,MA,United States
2-Nov-26,Gillette Stadium,Foxborough,MA,United States
3-Nov-26,Gillette Stadium,Foxborough,MA,United States
4-Nov-26,Gillette Stadium,Foxborough,MA,United States
9-Nov-26,Raymond James Stadium,Tampa,FL,United States
10-Nov-26,Raymond James Stadium,Tampa,FL,United States
11-Nov-26,Raymond James Stadium,Tampa,FL,United States
17-Nov-26,Hard Rock Stadium,Miami Gardens,FL,United States
18-Nov-26,Hard Rock Stadium,Miami Gardens,FL,United States
19-Nov-26,Hard Rock Stadium,Miami Gardens,FL,United States
20-Nov-26,Hard Rock Stadium,Miami Gardens,FL,United States
25-Nov-26,Empower Field At Mile High,Denver,CO,United States
26-Nov-26,Empower Field At Mile High,Denver,CO,United States
2-Dec-26,State Farm Stadium,Glendale,AZ,United States
3-Dec-26,State Farm Stadium,Glendale,AZ,United States
8-Dec-26,Sofi Stadium,Inglewood,CA,United States
9-Dec-26,Sofi Stadium,Inglewood,CA,United States
10-Dec-26,Sofi Stadium,Inglewood,CA,United States
11-Dec-26,Sofi Stadium,Inglewood,CA,United States
16-Dec-26,Levi'S Stadium,Santa Clara,CA,United States
17-Dec-26,Levi'S Stadium,Santa Clara,CA,United States
18-Dec-26,Levi'S Stadium,Santa Clara,CA,United States
19-Dec-26,Levi'S Stadium,Santa Clara,CA,United States
27-Dec-26,Lumen Field,Seattle,WA,United States
28-Dec-26,Lumen Field,Seattle,WA,United States
29-Dec-26,Lumen Field,Seattle,WA,United States
3-Jan-27,Bc Place,Vancouver,BC,Canada
4-Jan-27,Bc Place,Vancouver,BC,Canada
5-Jan-27,Bc Place,Vancouver,BC,Canada
10-Jan-27,Allianz Parque,São Paulo,São Paulo,Brazil
11-Jan-27,Allianz Parque,São Paulo,São Paulo,Brazil
12-Jan-27,Allianz Parque,São Paulo,São Paulo,Brazil
13-Jan-27,Allianz Parque,São Paulo,São Paulo,Brazil
28-Jan-27,Estádio Olímpico Nilton Santos,Rio De Janeiro,Rio de Janeiro,Brazil
29-Jan-27,Estádio Olímpico Nilton Santos,Rio De Janeiro,Rio de Janeiro,Brazil
30-Jan-27,Estádio Olímpico Nilton Santos,Rio De Janeiro,Rio de Janeiro,Brazil
31-Jan-27,Estádio Olímpico Nilton Santos,Rio De Janeiro,Rio de Janeiro,Brazil
5-Feb-27,Estadio River Plate,Buenos Aires,Autonomous City of Buenos Aires,Argentina
6-Feb-27,Estadio River Plate,Buenos Aires,Autonomous City of Buenos Aires,Argentina
7-Feb-27,Estadio River Plate,Buenos Aires,Autonomous City of Buenos Aires,Argentina
8-Feb-27,Estadio River Plate,Buenos Aires,Autonomous City of Buenos Aires,Argentina
13-Feb-27,Melbourne Cricket Ground,Melbourne,Victoria,Australia
14-Feb-27,Melbourne Cricket Ground,Melbourne,Victoria,Australia
2-Mar-27,Accor Stadium,Sydney,New South Wales,Australia
3-Mar-27,Accor Stadium,Sydney,New South Wales,Australia
4-Mar-27,Accor Stadium,Sydney,New South Wales,Australia
9-Mar-27,Optus Stadium,Perth,Western Australia,Australia
10-Mar-27,Optus Stadium,Perth,Western Australia,Australia
11-Mar-27,Optus Stadium,Perth,Western Australia,Australia
16-Mar-27,Singapore National Stadium,Singapore,,Singapore
17-Mar-27,Singapore National Stadium,Singapore,,Singapore
1-Apr-27,Tokyo Dome,Tokyo,,Japan
2-Apr-27,Tokyo Dome,Tokyo,,Japan
3-Apr-27,Tokyo Dome,Tokyo,,Japan
8-Apr-27,Friends Arena,Stockholm,,Sweden
9-Apr-27,Friends Arena,Stockholm,,Sweden
10-Apr-27,Friends Arena,Stockholm,,Sweden
11-Apr-27,Friends Arena,Stockholm,,Sweden
26-Apr-27,Pge Narodowy,Warsaw,Masovian Voivodeship,Poland
27-Apr-27,Pge Narodowy,Warsaw,Masovian Voivodeship,Poland
28-Apr-27,Pge Narodowy,Warsaw,Masovian Voivodeship,Poland
29-Apr-27,Pge Narodowy,Warsaw,Masovian Voivodeship,Poland
4-May-27,Olympiastadion,Munich,Bavaria,Germany
5-May-27,Olympiastadion,Munich,Bavaria,Germany
6-May-27,Olympiastadion,Munich,Bavaria,Germany
7-May-27,Olympiastadion,Munich,Bavaria,Germany
12-May-27,San Siro,Milan,Lombardy,Italy
13-May-27,San Siro,Milan,Lombardy,Italy
14-May-27,San Siro,Milan,Lombardy,Italy
19-May-27,Groupama Stadium,Décines-Charpieu,Auvergne-Rhône-Alpes,France
20-May-27,Groupama Stadium,Décines-Charpieu,Auvergne-Rhône-Alpes,France
21-May-27,Groupama Stadium,Décines-Charpieu,Auvergne-Rhône-Alpes,France
22-May-27,Groupama Stadium,Décines-Charpieu,Auvergne-Rhône-Alpes,France
27-May-27,Veltins-Arena,Gelsenkirchen,North Rhine-Westphalia,Germany
28-May-27,Veltins-Arena,Gelsenkirchen,North Rhine-Westphalia,Germany
29-May-27,Veltins-Arena,Gelsenkirchen,North Rhine-Westphalia,Germany
30-May-27,Veltins-Arena,Gelsenkirchen,North Rhine-Westphalia,Germany
5-Jun-27,Johan Cruyff Arena,Amsterdam,North Holland,Netherlands
6-Jun-27,Johan Cruyff Arena,Amsterdam,North Holland,Netherlands
7-Jun-27,Johan Cruyff Arena,Amsterdam,North Holland,Netherlands
12-Jun-27,Wembley Stadium,London,England,England
13-Jun-27,Wembley Stadium,London,England,England
20-Jun-27,Principality Stadium,Cardiff,Wales,Wales
21-Jun-27,Principality Stadium,Cardiff,Wales,Wales
22-Jun-27,Principality Stadium,Cardiff,Wales,Wales
23-Jun-27,Principality Stadium,Cardiff,Wales,Wales
28-Jun-27,Anfield,Liverpool,England,England
29-Jun-27,Anfield,Liverpool,England,England
30-Jun-27,Anfield,Liverpool,England,England
1-Jul-27,Anfield,Liverpool,England,England
6-Jul-27,Aviva Stadium,Dublin,,Ireland
7-Jul-27,Aviva Stadium,Dublin,,Ireland
8-Jul-27,Aviva Stadium,Dublin,,Ireland
13-Jul-27,Murrayfield Stadium,Edinburgh,Scotland,Scotland
14-Jul-27,Murrayfield Stadium,Edinburgh,Scotland,Scotland
15-Jul-27,Murrayfield Stadium,Edinburgh,Scotland,Scotland
16-Jul-27,Murrayfield Stadium,Edinburgh,Scotland,Scotland
21-Jul-27,Estadio Santiago Bernabéu,Madrid,Community of Madrid,Spain
22-Jul-27,Estadio Santiago Bernabéu,Madrid,Community of Madrid,Spain
23-Jul-27,Estadio Santiago Bernabéu,Madrid,Community of Madrid,Spain
28-Jul-27,Estádio Da Luz,Lisbon,,Portugal
29-Jul-27,Estádio Da Luz,Lisbon,,Portugal
30-Jul-27,Estádio Da Luz,Lisbon,,Portugal
31-Jul-27,Estádio Da Luz,Lisbon,,Portugal
